y,x_0,x_1
1.135374683281714567e+02,-4.890521524855773094e+01,-2.073401805544460785e+01
-2.858360077607032395e+02,-2.453698046177518677e+01,9.931484603092985708e+01
-2.343022545294589918e+02,-1.836055993336059089e+01,5.437879896794271417e+01
1.493610958453407989e+01,5.210733760177686236e+01,-3.799813026293359286e+01
3.762666435418152844e+01,-3.069175908746053949e+01,-2.964703650068751983e+01
-1.887802524376342603e+02,-7.090662870076900504e+01,9.453293694349005705e+01
-1.119787757642882653e+01,8.183568759849802632e+01,1.199142074442501382e+01
-1.747125040651430936e+02,-3.728185070065907780e+01,7.764000750477762836e+01
1.313657231139339387e+02,3.491461316445278840e+01,-2.178251047228766879e+01
-4.100860115436328357e+01,1.436824782595309102e+00,4.820700532822797868e+00
-8.083263127760974953e+01,8.560018556331047535e+01,1.427461380778531463e+01
2.504657879355260945e+02,3.366751375533601731e+01,-8.954826177869814785e+01
2.238863596813746710e+02,-3.458853918739708888e+01,-8.871967216570131143e+01
-1.448263681064333355e+02,-6.403446118724252756e+01,8.518663450020852679e+01
-7.837292992604028541e+01,8.760304458847838305e+01,4.281854148681873085e+01
-3.701294311124139114e+01,4.653752178130332595e+01,-7.650464747113574049e+00
8.474649322753117531e+01,8.626585352118962646e+01,-1.871595133183849669e+01
-1.890986665965617419e+01,3.664115410546901330e+01,2.998317361781244017e+01
1.436304749478210283e+02,1.975303573255642675e+01,-5.559212158406483439e+01
-2.238955805428500980e+02,3.647143382727574590e+01,7.561126052046921586e+01
2.133849820018359651e+02,5.934345265621368526e+01,-1.359955044038380834e+01
-4.856420425531709384e+01,8.357564383167797928e+01,5.636673554535119024e+01
2.762722676917449576e+02,4.515005566985433916e+01,-7.502906130208144475e+01
6.826089851003284537e+01,8.326168987058227344e+01,-2.245780125394077231e+01
-1.289288222007668878e+02,-4.101409089459433233e+01,2.334628294450284614e+01
9.089265200313018056e+01,-6.430754203743106245e+00,-4.893221713108732729e+01
2.161077886036994471e+02,6.779917774083560289e+01,-6.427615952806431210e+01
1.792321962853989703e+01,-5.457716586062177555e+01,3.197528920686130505e+01
2.137762440236680277e+02,-4.176750991409420521e+00,-8.531053153245942156e+01
2.268767959388531779e+02,-7.220798574607742637e+01,-7.753856327230974443e+01
-3.395791248224927017e+01,-4.443006916324094391e+00,8.059245854084366556e+00
-2.673388170248531281e+01,9.161420982071297203e+01,1.675846228469251287e+01
-8.899838699369107076e+01,5.332818216981664250e+00,8.445253776893096642e+01
1.111623144718060701e+02,8.385140328954980760e+01,-4.959822704836156504e+01
-2.612170440049097806e+02,3.652652214323077828e+01,9.285522372034716909e+01
-7.821024856802577574e+01,-5.460767059505102594e+01,4.320343970705363290e+01
-2.549099688087810875e+02,5.955202149835156433e+01,8.735023992954216965e+01
-8.162117795721405855e+01,7.074449915708248682e+01,-1.569083865955414581e+01
2.099432303226920453e+02,-9.891202622783585241e+01,-9.302693424371859976e+01
7.602268685653814373e+01,-9.721892686335999656e+01,1.778198609248988760e+01
2.660626872201336255e+02,-2.340138074529723156e+01,-7.703621006669848725e+01
-9.870248618924171069e+01,7.289080177761235291e+01,6.433140625998791506e+01
-2.207361479319158661e+02,4.749833698164169959e+01,6.806883402919291370e+01
-1.514641698274767805e+02,-1.969417930647176718e+01,4.972400025485086417e+01
-9.529062437764173410e+01,1.192588904188525589e+01,2.264751479418620761e+01
-4.073053894205813208e+01,-4.037966970927329413e+01,2.047583469696472491e+01
1.136142143700486073e+01,-1.486463207806032472e+01,7.708876966986565549e+00
-2.365845690530430545e+01,-2.654028569825058526e+00,-2.167238302021701202e-02
8.229617370505380336e+01,8.349189651100280685e+01,-4.742459565348702455e+01
-4.652779244872044728e+01,-9.006046276916327997e+01,-7.461594113331472045e+00
1.403584799455569510e+01,-1.835619546495972543e+01,-2.591303866466091677e+00
-1.145024501881954677e+02,-8.589684432499944933e+01,1.642172223311699497e+01
2.609841025779237498e+02,9.740435967115504923e+01,-5.818230880047081399e+01
-1.698422451143164267e+02,-5.752477637504109964e+01,9.222700990141387933e+01
-8.019389067155438511e+01,4.139081502424198789e+01,1.859364263123349303e+01
-1.021993440757628377e+02,-2.382951858648041821e+01,2.774809928034191842e+01
2.684584349259371265e+02,4.857138236496183481e-01,-8.204138506074916393e+01
-1.594972897616725049e+02,-4.056506661400369751e+01,6.562884683218280202e+01
-2.491748765060685855e+02,-6.490880686194290661e+01,8.089789144728200654e+01
3.374678152698514850e+02,1.766296582357156808e+01,-9.669310864158443053e+01
2.527873891344449078e+02,-2.599556464380235354e+01,-9.157409941335963310e+01
1.454876085337360223e+02,-7.454388983073204145e+01,-6.414635481258960681e+01
-2.614928975360959384e+02,-6.670828296612884856e+01,7.673769932081034995e+01
1.458598884042393138e+02,8.119040952033509484e+01,-5.291980428724771457e+01
3.070655612499007958e+01,-1.854801511259300639e+01,-5.767968520924853237e+00
1.161066064019615709e+02,6.604680354622865934e+01,-4.159847558626705677e+01
7.518515039055003513e+01,-6.523429364011133202e+01,-8.371378307874337565e+00
-8.033440164782149395e+01,8.048583261140640843e+01,1.898738494681934696e+01
4.554792071122145103e+01,-1.747733333574670667e+01,-1.886981258382864723e+01
1.147496877855506625e+02,-3.830316683057783678e+01,-3.642425381931661832e+01
-1.607772218092511594e+02,-1.698279681806434382e+01,2.763341392469007474e+01
2.796576983728269283e+02,5.905390345747423453e+01,-9.259331737442421684e+01
-1.310244305499214192e+02,4.690821950525457851e+01,5.451417255401403850e+01
-2.652734817854431526e+02,-5.111509460481777722e+01,9.701537188983357396e+01
-2.173799146860553151e+02,3.500116892456395590e+01,7.855294722816020681e+01
3.004374108287041736e+02,-5.138905989877604696e+01,-8.966082454250330613e+01
-2.642074393043662894e+02,4.194861269861368669e+01,9.145286249462139949e+01
-2.065273110820915008e+02,-9.543295647748064425e+01,8.262850473065327606e+01
-2.321201170310868349e+02,4.565474246037661032e+01,9.108106394759306568e+01
2.078082334361856454e+02,-4.537291032682790615e+01,-6.588129755883170446e+01
4.519087753217780801e+01,-3.547979643606120703e+01,-4.455230784240660569e+01
1.393640389251270904e+02,-1.879509394817972634e+00,-7.385685073331052308e+01
1.365914508566213499e+02,4.763674730150734149e+01,-7.193528530743643046e+01
-5.603547628606274600e+01,1.413014156023109535e+01,6.667586642194578417e+00
3.549526241522753622e+01,-5.329539286224967043e+01,-4.621190990494966400e+00
-1.178851275495117363e+02,-7.051565882081803238e+00,6.120621943650755270e+01
-8.264312158588215596e+01,-9.628297772910521246e+01,4.256331692407800915e+01
-3.470845447629721292e+01,-4.980132756361999213e+01,3.210531224177364606e+01
2.061015542582212845e+02,2.728919169272879230e+01,-8.860246701064515662e+01
1.512448340795477009e+02,4.378190978252106902e+01,-3.201531353382878820e+01
-1.802157921290624074e+02,9.928573671524958399e+00,4.886398578432212503e+01
1.671868174948513683e+02,-6.429745228699982817e+01,-4.985917935638403975e+01
2.166082271902640741e+02,-7.322405923204786404e+01,-6.984518402677383619e+01
-2.124595160405968386e+02,8.780606815551689692e+01,9.429057733477071679e+01
2.802155117668228286e+02,-7.148868224749263334e+01,-6.082699758691521197e+01
2.961562863093663509e+02,-7.992043230469367643e+01,-8.363750600873737540e+01
1.181925064742999041e+02,5.367513444823225655e+01,-5.792865108787397332e+01
2.874875300113461662e+02,-7.564710554942649878e+00,-8.319799277581141439e+01
-4.287907579197167252e+02,-3.369954326047314908e+01,9.766516015864738165e+01
-3.260137393658500287e+02,8.005440877954461598e+01,7.306572090623606641e+01
-1.333740641637710382e+02,-2.314730113911207354e+01,4.011693814886220366e+01
6.591608613043230491e+01,-9.257405897395250349e+01,2.652438350916384024e-01
-5.615418405705279525e+01,-7.722138261932387593e+01,4.673796558070836227e+01
1.499574750260855467e+02,-1.263583945478173121e+01,-3.460272226886407054e+01
9.300491525913975011e+01,5.030032152098124243e+01,-4.737627058440760663e+01
3.033250703481875235e+02,-2.977133771548380992e+00,-9.868787593576804795e+01
-4.098666536406822303e+01,-9.894577000560640556e+01,1.353176322710143609e+01
5.233325793842028872e+01,-2.940538191371054211e+01,-2.498667616111656287e+01
9.808816015521169618e+01,-2.698058794621800871e+01,-3.819420439826892988e+01
-2.994165271281535183e+02,-6.582053742073061642e+01,9.582497255764968713e+01
-3.108345985214436951e+02,5.501385382933619894e+01,9.443107282252412915e+01
1.734393657289439261e+01,5.092575630056074942e+00,-5.230913695499512528e+01
-1.274905807807067504e+01,-2.972285509483810984e+00,1.784857482333657686e+01
7.615422587830464352e+01,9.651086765501304399e-02,-1.406504478514787593e+01
2.465870728611284335e+02,-4.983019234505741224e+01,-8.851408395546928887e+01
4.837787140197434610e+01,2.867417188646649606e+01,-4.970097283037515723e+01
2.164638833952755448e+01,-6.169838508090273166e+01,2.139474947940684046e+00
-2.746069766537469263e+02,-2.385484179732262078e+01,8.338345571484015295e+01
1.416090250583890224e+02,-8.955499936288529739e+01,-2.449205791769328755e+01
-3.255320649638503028e+01,-4.557154138601333671e-01,1.586807862609764186e+01
-1.370345637080041001e+02,6.150944650477313758e+01,7.850060939904508928e+01
2.498966234232924251e+02,-5.570605075591799960e+00,-8.026244837695983847e+01
5.026410138347453938e+01,4.548904280062612315e+01,-2.191123832327775744e+00
1.295811047890055363e+02,4.049030632066586577e+01,-2.853003677699436480e+01
2.340137216541145335e+02,-6.124736211940342656e+01,-3.249687838366570247e+01
-2.564842882894066065e+02,9.302196312936800382e+00,9.178310784667948496e+01
-5.040879354469128515e+01,8.319265868835975652e+01,4.133768680534163309e+01
1.340839455520218166e+02,7.314783610292104754e+01,-5.436343860780872461e+01
-1.410044742922380294e+02,6.033697333282313480e+01,4.782602206730459216e+01
1.642017654193353167e+02,-6.106443927533222649e+01,-7.053087806841855922e+01
6.028844141001623314e+01,-2.654321505504002232e+01,-2.991622752981659517e+01
2.608302166604487979e+02,-7.783384026442993786e+01,-6.599415506773294737e+01
-1.537433390097702386e+02,3.158230558803813892e+01,8.930467184523001833e+01
2.513531358035070866e+02,-4.890588859606677374e+01,-7.811814728858706758e+01
-2.470119502168930836e+01,5.701448392213080751e+01,-2.235333095507201051e+00
-1.275360996745754107e+02,2.240414854011223156e+01,7.964962996036928189e+01
2.416562918803739421e+02,-2.176635891911224974e+01,-7.836516893441311993e+01
2.630869613584129070e+02,-3.666379577654377186e+01,-9.594983109114518527e+01
-3.826900687957786573e+01,1.864430961470408477e+01,1.690303978212794789e+01
-7.129248241199097436e+01,3.818991007420913775e+01,3.404454278717011562e+01
8.582981383813091725e+00,-5.295181586952606523e+01,1.713406935478217008e+01
-8.988002103066361315e+01,-6.057612298817151952e+01,3.089539624301235676e+01
1.095733227667960819e+02,2.970006134004512433e+01,-5.980705785289439547e+01
-2.556235171126155592e+01,-9.530536805420710778e+01,5.587200838527377300e+01
-6.694578454378330434e+01,-9.736500493894213548e+01,2.778464623100813924e+01
-4.956076019986464587e+01,5.101389585889722866e+01,2.847680277725481801e+01
-1.022389218084579880e+02,7.034430109279298904e+01,2.635191124128679974e+01
1.500431282191286755e+02,-3.932631614824381927e+01,-1.727245245031319598e+01
-4.616519887242995424e+01,-6.640357223731940906e+01,6.155731154140278250e+01
4.951057171398214507e+01,-1.281351293326136442e+01,-2.087518808400727721e+01
-2.083588722292066677e+02,1.335483422898322203e+01,5.533497778950103907e+01
5.817124411363530356e+01,8.886807225070987215e+01,-3.443428970523328303e+01
-1.086024294064369258e+02,-5.372227051384361829e+01,4.158271590342337731e+01
2.480486134634859070e+02,7.060671272777761942e+01,-9.520492155141506885e+01
1.913153063442124449e+02,-5.030592485849414430e+01,-2.138769398868440419e+01
1.311262630587788180e+02,-5.493935923253221176e+01,-9.032331829504485654e+00
-8.904981008318483759e+01,6.650055142896644611e+01,2.270003441415620671e+01
1.889105096730081073e+02,-7.963391464795144259e+01,-1.779971236003919444e+01
1.962289177824224566e+02,8.135850741668559749e+01,-4.816143686082947539e+01
2.132739495448294633e+02,-7.210061457532519569e+01,-5.205153778490150529e+01
-2.321878862614119043e+01,8.097005566815164457e+01,-3.277570671424929571e+01
1.234504889907137795e+02,-6.771062395215972174e+01,-4.010367990786187420e+01
6.612987734217256275e+01,1.347823571112473928e+01,-1.316595125073634165e+01
-8.002839351128424994e+01,2.258671317053506300e+01,9.160042617478268312e+00
-2.319586923176094615e+02,4.074304506489204414e+01,6.323764484759297488e+01
2.024001205094960198e+02,7.312279375725310615e+01,-4.672668334018903380e+01
2.313090212180737808e+02,7.076955857240369596e+01,-4.605136448138607363e+01
-2.166636751444029869e+02,-4.625569321771209985e+01,8.281293650795794292e+01
-1.783081165038580451e+01,-7.029524070841958405e+00,2.109866972488812564e+01
-9.144026475541390653e+01,-3.518830613109398087e+01,7.087769376017988066e+01
-1.760998144525406985e+02,9.645985517210476701e+01,5.848823655121799447e+01
1.554168140550092119e+02,-3.051046593948869656e+01,-6.104536494473100561e+01
1.300762457410439765e+02,6.116075440007543307e+01,-5.588075843637436435e+01
-1.260896868647188853e+02,4.655868409741324854e+01,5.827174128132031683e+01
2.104627149332635270e+02,-8.907564063356683448e+01,-5.218986055624073117e+01
2.120358808598445250e+02,-4.124278258806401709e+01,-6.867019961502649039e+01
-1.731835507178146827e+00,1.330529968598459334e+01,-2.823326264251706164e+01
-2.331948449247627764e+02,-3.567408497362475828e+01,7.354697998247431201e+01
2.867160959059177827e+01,-3.875020427637925025e+01,1.132344832205461671e+00
2.619930601507920755e+02,-8.696524000583517022e+01,-8.988945505001038327e+01
2.115473958999126864e+02,1.870363411173920554e+01,-5.733048627778805439e+01
2.600847198124911301e+02,-3.367043776876010952e+01,-5.875119835413582337e+01
-1.929847140661219100e+02,-3.796296796951830288e+01,8.975911699133391153e+01
-2.072886533448971704e+02,6.854445001249294478e+01,3.909370294501849230e+01
-2.656708886870239326e+02,1.773881849389520937e+01,6.806953881871373824e+01
-1.580881468653096533e+02,3.571064455588995656e+00,7.383678852161688155e+01
2.214681130162618103e+02,4.407077330619995337e+01,-6.375737748007688310e+01
-8.170727617129001885e+01,4.725974245208618640e+01,3.029410248054546173e+01
1.126528759590665629e+01,-1.087652834931111556e+01,-3.011077908723524388e+01
7.352739645263697810e+01,3.439006503846852070e+01,-4.936848636542799085e+01
6.884862513273895956e+01,-3.048121376020867501e+01,-2.208104523021390264e+01
3.574371017425165320e+01,4.078375846784339842e+01,3.228912714109327453e+00
-2.250504886850426942e+02,8.509561540481124098e+01,8.444136455565487154e+01
-1.437271860700617481e+02,-2.985679710321097957e+01,1.722350786431370295e+01
-5.662628430871904328e+01,8.964551548517493984e+01,1.750811295181880212e+01
2.008060858968856621e+02,6.313694043698191649e+01,-7.261667623664732218e+01
-1.589877766790987152e+02,5.527124535238982617e+00,4.258150941639377152e+01
1.648735334184471526e+02,4.048669091807846598e+01,-6.241672921738150848e+01
-1.952695918232352312e+02,-8.670471622628086550e+01,7.821583934837423158e+01
-2.146759381673645350e+02,-4.744329572045620580e+01,8.556398297885095872e+01
7.522058320051570490e+01,-3.273124977898311272e+01,-4.868871303859518918e+01
-9.880211458130852975e+01,-1.748054695972585648e+01,5.379699911505082355e+01
-2.743553360425558196e+01,-7.293333359370630831e+01,1.682747626273946651e+01
-1.478391626636471301e+01,7.368522349684704409e+01,-4.938657761525617929e+01
1.202137045703558300e+02,-8.682043918090651857e+01,-1.192721323113327969e+01
8.037442036302752513e+01,-3.724676786255769656e+01,-1.474715314284753731e+01
3.965244933602334072e+02,-5.105509655929818535e+01,-8.089539621490334298e+01
7.525186501397240590e+01,-5.170703594777315004e+01,-3.221588465565130832e+01
-1.207532245351749225e+02,1.202731422110048243e+01,4.916796225711073021e+01
-8.044185374916295928e+01,9.075297654479146559e+01,5.115397792617059736e+01
2.640741536745132976e+02,-1.325632259731845863e+01,-8.816635911597832376e+01
8.233199313593765112e+00,8.494962146310410844e+01,-1.883813913677639107e+01
-1.058053338238521661e+02,-7.871800498305844940e+01,1.987931084491103206e+01
2.030861719509833847e+02,-4.223041033559131563e+01,-8.390886803264289995e+01
-8.508193771957834883e+01,6.561298561326870526e+01,1.122972579932759629e+01
1.166027542096012581e+02,-7.313780918215763904e+01,-5.459433730536522944e+01
-2.237551827287607580e+02,3.561540266243963515e+01,5.680206306789580140e+01
1.125418767231818720e+02,-5.668155930935321152e+01,-2.215997706047072313e+01
4.063206350182557003e+02,2.646031581902219898e+01,-8.741044626452458033e+01
-1.680197532599319743e+02,-1.281408691214380724e+01,3.518751266641152142e+01
1.268070967097750668e+02,4.296794295341413772e+01,-6.850024374501319357e+01
-6.427337559715979864e+01,-7.964132923798209163e+01,3.667225011692386261e+01
3.359879621436227808e+02,1.597172517281570947e+01,-9.170129748125354752e+01
-5.585429416178788387e+01,-2.352984611289896577e+01,2.156083380429730312e+01
1.639509208028010789e+02,2.969642775682333991e+01,-9.352764628597802243e+01
1.350026919672539236e+02,-4.588195520302124919e+01,-8.899922397496105475e+01
-2.298065419182523215e+02,-9.243198184580919019e+00,7.878640975820198378e+01
-8.119770988420600588e+01,9.490059738173499682e-01,7.164456411691719495e+01
-3.461023042049045273e+01,-2.099772069115404349e+01,2.620459948530707095e+01
1.596469373787986967e+01,-8.469187146509059971e+01,-3.315309694274672836e+01
6.571446426656969209e+00,-9.197203329101688496e+01,2.002909905208467478e+01
-1.999872591062213019e+02,1.491328192184577972e+01,7.834330584245890350e+01
2.482934993385781581e+02,-3.535223195804888974e+00,-8.215540159827207845e+01
9.749918376410521148e+01,8.393912815142931549e+01,-5.501896759635955902e+01
-1.738133184064661521e+02,4.365657234404199016e+01,6.338388410395245387e+01
-1.732347773809477189e+02,3.934876964090196338e+01,7.842651020039369314e+01
8.989142750777239144e+01,-5.536359173108000675e+01,-5.706959786198409290e+01
6.280357332775133727e+01,-3.901587136902999475e+01,-4.629892677744784635e+01
8.584067403793046935e+01,7.224427873092292884e+01,-2.224803281497489138e+01
5.638306143909856871e+01,-2.128901645656820563e+01,-2.642360368257665471e+01
3.133326885425914270e+02,9.123951959931821420e+01,-8.564617393799582601e+01
2.623369625542750896e+02,-5.281994134970451427e+01,-9.546323328214685944e+01
2.489183999426591143e+01,7.539161311707326263e+01,1.095539137858861523e+01
1.147240662216615732e+02,-6.765866945463108095e+01,-1.428154899498341024e+01
3.281156294977829191e+01,2.633638951220021340e+00,-1.401837449814023273e+01
-2.728754208870226989e+02,-9.952510687791682642e+01,9.406117013584855613e+01
3.054933462232253305e+01,9.628808060548678327e+01,-9.567961475926665571e+00
2.766796599137301200e+02,1.883336180912027658e+01,-9.438567970275811092e+01
-9.586679077893901990e+01,2.626339535401210412e+01,6.985287667917120302e+01
-2.591236976505397820e+02,7.002486840185389383e+01,9.129226122862596071e+01
-2.230559297434612631e+02,-5.051890108708099092e+01,8.021020662610683871e+01
-1.764772387061873360e+01,7.444810079733105113e+01,2.598704159882116471e+01
3.666877500137238144e+01,-4.039603033314583058e+01,-9.081005043957460998e+00
-2.174433269532348447e+02,3.792864242028826993e+01,8.896446997805276169e+01
1.381332158860919890e+02,9.652703761632412238e+01,-5.194547188206806254e+01
1.991722138195924003e+02,2.668578398389720974e+01,-3.547116592153010117e+01
1.501686772241748997e+02,-3.126324437451626181e+01,-2.284534548818498934e+00
2.415813825190141415e+02,5.698020687097852033e+01,-9.284155170206385321e+01
2.212232726491565700e+02,-1.632200211241472232e+01,-6.223783383882683751e+01
-1.989349521122060764e+02,-2.887561085442582964e+01,7.974476911238167531e+01
1.223804702560120035e+02,9.309061978674051829e+01,-1.299928453439849818e+01
-1.012168442104461406e+02,6.031142174309539428e+01,5.362519889881494350e+01
2.119177866544106337e+02,-6.336949859529683238e+01,-9.544986850069409456e+01
1.308603444986584350e+02,2.570960366157561339e+01,-2.623305606853858762e+01
-7.341402503723065820e+01,-9.678834685982873509e+01,3.834798145334622177e+01
1.539517021468826954e+02,1.645121513079317310e+01,-5.538028212908869818e+01
1.590043656119041771e+02,6.001606103469498521e+01,-7.673886698121121697e+01
1.470067010707407462e+02,-4.655483529200822090e+00,-1.738245992146580932e+01
1.023323007168588106e+01,-3.223205675237240087e+01,-1.371077275471144219e+01
-2.640286399323879323e+02,9.943265698522992579e+01,8.055066268023122689e+01
-3.486918994812996857e+02,-4.869663439740272537e+01,9.053353860754054949e+01
2.560694554109725800e+02,-3.374078739682617822e+01,-9.345452999815005057e+01
1.747893023141143942e+02,-1.120885557820740530e+01,-8.111297624662007877e+01
1.502740042076389955e+02,9.709543507100951842e+01,-6.299422873006921009e+01
1.256791770388239655e+02,-2.702765482117770546e+01,-4.246489736758590539e+00
2.668073255317333405e+02,6.015567547935660286e+00,-5.996000862423356637e+01
8.792775469149512446e+01,6.285904994288665648e+01,-4.216160528009125130e+01
-2.312872411673413069e+02,-2.859874327281704609e+01,7.174713366997366393e+01
2.757590547594145391e+02,-7.362911983675837746e+01,-6.102134213803913809e+01
1.042964230389240754e+01,-6.859938223779546718e+01,2.647759771810594032e+01
-1.034301382416360582e+01,-7.847872562513317973e+01,-2.209969045133735221e+01
-2.389438497592642534e+02,4.155518074543141438e+01,7.477150113406506193e+01
7.416467322344296065e+01,-2.163871454428978325e+01,-2.568037487105057437e+01
1.781923080775804351e+02,5.732079143117502440e+00,-9.275886968122908627e+01
-6.278496590315435810e+01,7.841374445544590799e+01,4.979407531962073108e+01
-1.539719800932290070e+02,7.948495951899380429e+01,7.933220108541817694e+01
9.210022232481699689e+01,4.442691603030542069e+01,-5.912162298337830890e+01
-1.621941673359497145e+02,3.551475547430706570e+01,8.799953723037356212e+01
2.200466872330760850e+02,8.449551962339970146e+01,-3.810100991788696234e+01
1.993240067426503970e+02,-5.958307099544961716e+01,-3.717236241737100499e+01
5.006607938325922191e+01,-4.975912868178112092e+01,1.571518698702358563e+01
2.150649463081148554e+02,-9.963116837183183350e+01,-5.829615191805969943e+01
-6.393083064698947027e+01,4.496417377574408647e+01,4.204744116172594204e+01
1.387467176284430082e+01,1.095238743334054732e+01,4.170650547640113359e+01
-2.088026751657755540e+02,-6.281980182814251634e+00,9.664619844775833712e+01
-2.271553926002154356e+01,-9.025559842071749017e+01,2.285771764912627191e+01
-1.159713210627872400e+02,3.501825928484439032e+01,2.138805856499168101e+01
1.956317058882997912e+02,5.166384270342766172e+01,-7.649087254151146453e+01
1.014582917028895110e+02,-5.584514136654521366e+01,-2.000827274341678219e+01
6.914898461089434534e+01,-9.672007797762735493e+01,-4.552137130985163083e+01
4.882243565024806742e+01,-3.881336573532144030e+01,-2.359198510169528618e+01
-2.570553839435589225e+02,6.401070844956785777e+01,8.608446919456130786e+01
-2.811033777109329890e+01,-5.850511582608231009e+01,4.596830138371640828e+01
1.040659610981388425e+02,9.630155283676378986e+01,-4.821160998026670086e-01
6.601630853973151147e+01,-9.249012770858186627e+01,9.459875385055156016e+00
-1.967016593688928481e+02,-9.368295648780453178e+01,8.746598775659541047e+01
1.988505544247037164e+02,-2.867619467240045594e+01,-9.891946838356264493e+01
1.596930940086227793e+02,6.192059636835355718e+01,-6.537347041345691423e+01
-1.750662508764182803e+02,3.126231459167482285e+01,5.616873134156284664e+01
1.533821465667259361e+02,-5.726488997741998332e+01,-4.330409894583855390e+01
-2.754544234406205305e+02,8.107977485475456092e+01,6.699573381434612429e+01
-6.545517353261395499e+01,-4.007280211525612401e+01,3.179053128249984184e+01
2.292063405588578178e+02,7.096165263048325755e+01,-8.673208034078723472e+01
2.199044965205284825e+02,-8.032163772487119502e+01,-4.891989268034016192e+01
-8.010445449545342456e+01,4.819638250503078325e+01,5.986080780831517245e+01
2.468757249440345163e+02,3.126029720543232315e+01,-9.959155375205391181e+01
-1.577936519017774231e+02,-8.802512393639479171e+01,6.812731304614646888e+01
-8.215280150369477496e+01,9.807823112346667926e+00,-2.990939974732556550e+01
-7.545568725399169807e+01,3.853337965313022551e+01,3.663046775570478530e+01
-8.510067355776681097e+01,-3.197109425659536441e+01,3.029107735975344440e+01
-1.463392146828833802e+02,-5.577287018053880274e-01,8.651027825559617668e+01
2.300570358665583797e+02,5.492288249878890838e+01,-8.453091655109221847e+01
-7.366906053411830158e+01,-9.611881730490448206e+01,3.146659379866500217e+01
-2.030953604998844497e+01,-3.408107417183913412e+00,8.344569627513109822e+00
7.842844935032417197e+01,9.649524634148306745e+01,4.487744358570694203e+00
-2.903997015711892118e+02,7.835701247165019367e+00,8.940563874151052914e+01
1.693837522074427397e+02,-6.936236736570029393e+01,-4.396830013152040095e+01
1.457625383812775226e+02,2.498863632501900156e+01,-3.920586644263897114e+01
3.402405359258305850e+01,6.714659757675892138e+01,-4.145944271838881434e+01
-3.322070598793072804e+01,7.061174955675815568e+01,2.401582114045510252e+01
-2.645511666582931412e+02,7.434410773635485725e+01,6.948475395535447774e+01
-1.239157026894535960e+02,-7.749468333319632052e+01,5.693811927502150638e+01
-3.320909987016193554e+01,-9.604961667087576416e+01,1.737207294848481354e+01
-1.388803244923407760e+02,4.649093903265907102e+01,4.647696777365567300e+01
-1.161780049838826017e+02,9.348509601861212559e+01,1.778717641524059445e+01
1.139974100551449681e+02,5.134849248407221012e+00,-1.966851613991767067e+01
-1.524740834179455646e+02,-9.259695846244540007e-01,8.066145619759274155e+01
-1.034937765300502548e+02,-1.180944274901878543e+01,1.662260290892277226e+00
1.773106684884550077e+02,-4.803011896149267557e+01,-6.522453749450733085e+01
-7.619764500279774211e+01,-4.137261066060899850e+01,7.415326122242680640e+01
1.058057752272034691e+02,9.042040078548259885e+01,-4.338942031531518495e+01
-1.262422169528419289e+02,-1.406402130063679579e+01,7.590970298685678586e+01
-1.266702093237517772e+02,3.060188115873913262e+00,2.381914639282989299e+01
-1.508721336432560065e+02,1.425332228278321622e+01,4.474375689331725425e+01
-1.668163075521096061e+01,3.299846579409467040e+01,-1.777735950772527929e+01
-2.637584076715895876e+01,5.363822172444574221e+01,1.895714379609221112e+01
-2.821729294627613172e+02,4.170947321917913087e+01,9.766975531317336845e+01
7.992334784801312253e+01,-9.904321412914755740e+01,-3.405604816994349449e+01
3.857759539528549908e+01,-1.222103536398397239e+01,-3.400065370859678637e+00
-9.472753888882845530e+00,-7.827619014313643220e+01,-2.526004908655593795e+00
-8.820980583043716194e+01,5.706464453004062420e+01,2.025060247346992526e+01
-1.310706245906115441e+02,-6.798034863751354351e-01,2.093102980693795701e+01
-5.511679508896897772e+01,-3.550202769669033387e+01,-4.728864156345437664e+00
2.883145610037027495e+02,-4.485364708967598801e+01,-7.812363410575693479e+01
-1.125018427886356278e+02,-3.262555273431475200e+01,6.563176548811890143e+01
6.162726353127695944e+01,-2.711196006547949366e+01,6.082854590349143109e+00
-8.748312931847370066e+01,9.263154036303669159e+01,2.792018277269917803e+00
-3.443336044946956918e+02,-8.131680692775691455e+01,8.929658970676626950e+01
6.635217333353986646e+01,2.831360469073501918e+00,-5.101292033678204518e+01
1.602280754119676658e+02,-6.507903708250086083e+01,-9.573996011356074121e+01
-2.073391705450583089e+01,-5.449243363171363086e+01,2.823023644838426094e+01
-1.740734304385128439e+02,-3.112025038901539631e+01,9.774316839115138578e+01
-8.810173087319677165e+01,-1.644230438796117255e+01,6.175684757474940056e+01
8.955600705552109275e+01,-9.417494106536199183e+01,-1.886552955339109872e+01
3.078529373140968914e+02,5.035608712573832690e+01,-7.378289319965594473e+01
9.563226520056144864e+01,-1.580312500494225958e+01,-3.686530688968565528e+01
-2.667187736835335272e+02,-5.567808904072426657e+01,7.661366987978618681e+01
-2.441878238770917449e+02,-6.218225026382167187e+01,9.993196062111101696e+01
-3.426460432981230042e+00,-9.352747144856721206e+01,3.681119130669009110e+01
6.095316061278206377e+01,-7.653881280322846692e+01,9.645648981541782518e+00
1.250348009820903457e+02,1.638313797673333738e+01,-5.086942858000575995e+01
6.217928425468521425e+00,-6.717956308113504349e+01,2.417920874539052534e+01
8.085397873495975318e+01,8.354101408852986310e+01,-3.384602476921591574e+01
-2.005068411597978866e+02,-8.241017876347183346e+01,4.583707978464565258e+01
2.062857044836272848e+02,-6.363393023669172521e+01,-2.519156416143910349e+01
-1.677506165376872218e+02,7.022669129524558684e+01,5.335202125561505682e+01
6.665920218210659698e+01,2.370967429367858870e+01,2.486685248661710546e+01
-1.113498052636314242e+02,-8.341552939759520768e+01,4.810977745261965310e+01
2.077592081620998670e+02,-5.866927424400913083e+00,-3.460181327108034566e+01
1.713050035975736023e+02,-6.913606026113214398e+00,-9.293545995400947390e+01
-1.326779638990558965e+02,-7.700183315470985690e+01,8.117510131039878729e+00
-1.408836903803126859e+02,-2.605978365726990376e+01,3.838818867673822410e+01
3.233328053087456766e+01,-5.174867387149640052e+01,-1.993469901467155125e+01
-9.397295902113843624e+01,3.263950709897167712e+01,3.122795846786422658e+01
-1.954708763449636422e+02,-6.614699393688161422e+01,9.078787143606356835e+01
-6.253681209024314569e+01,-4.813260327452544374e+01,2.897861083418672479e+01
-1.510797959157895889e+02,1.012650252396372252e+01,8.188871077148448308e+01
1.852720660479072023e+00,7.233763329433216427e+01,1.614466037487936489e+01
1.859994023232763709e+02,3.961321883062240090e+01,-5.752345393254860539e+01
-2.482463506025764559e+02,-6.337206277821856304e+01,8.476469860429259029e+01
-1.807516252392544800e+02,2.885606860179188971e+01,7.277599764232115831e+01
3.361880066295798031e+01,-1.491789015721400347e+01,-1.489081737058268118e+01
1.226978677128237507e+02,-9.863197374480236590e+01,-1.134200500883665086e+00
-1.638639515195216063e+02,-3.186274938200332940e+01,3.512604527068558014e+01
-1.241148253133178514e+01,-8.229802034732307447e+01,-2.947559804592270893e+01
2.258076630235620712e+02,-4.585910309940977214e+01,-7.491157488099253214e+01
6.724452894631490096e+01,9.558579094379572894e+01,-5.099724827770226909e+01
1.282924636180761695e+02,-6.716742479119145059e+01,-5.582867242420916654e+01
2.541166267779855445e+02,-5.507615494271611567e+01,-7.956224252169437250e+01
5.891377958078054888e+01,-4.844751147732937113e+01,-4.071216132776061158e+01
-1.317578550960919586e+02,1.735248220664450969e+01,3.857085399583931462e+01
-1.923021962770905873e+02,-8.840853728121220456e+01,5.271134240807745641e+01
-1.885940992478706164e+02,-1.824532244176964468e+00,6.486559992672130193e+01
1.306255752676397037e+02,-1.867514900451084259e+01,-4.135780798644363898e+01
-9.367848016865440286e+01,-8.080994792487190637e+01,1.949044894756688961e+01
-1.264441936464670277e+02,-5.814405051902662080e+01,1.829894987571188381e+01
1.439660679113156334e+02,-4.223275839394793252e+01,-6.679570246584098925e+01
-1.072390549310255636e+02,7.930396779271364949e+01,3.458850645451229866e+01
1.575197672389218724e+02,5.151420498106858759e+01,-3.023803678779304960e+01
5.992118160039153096e+00,3.842579509505412716e-01,-4.883187360957649048e+00
-8.377039647583089277e+01,6.238211220102471088e+01,3.665919969695139002e+00
2.215044770759492678e+02,-7.143950744696947197e+01,-4.859045998261051125e+01
1.793706645989832396e+02,-1.648992578960715605e+01,-6.917565966202805328e+01
1.582382879727909710e+02,7.179979721104788837e+01,-6.604947953204300859e+01
-1.750516924082000969e+02,1.098557505928204137e+01,7.172330959670529182e+01
2.722245136490681716e+02,8.101578251672464148e+00,-7.141921130832446352e+01
1.170628856395812107e+02,5.167624336327926926e+01,-5.787751864898476128e+01
2.445628316578984993e+02,-5.727413518071409015e+01,-8.582356580600804818e+01
-1.710276725680605523e+02,8.821507536289647078e+01,4.947436622619031255e+01
-3.352260353039391703e+02,-6.215072967826451844e+01,9.061764948600401226e+01
-2.072156598467989852e+02,-3.538539893531392977e+00,2.944206166514467782e+01
2.531707814861223369e+02,8.795592420187549010e+01,-8.805813633955052921e+01
-2.368275688068591762e+02,5.919877108965297907e+01,8.845121974968185441e+01
-2.098117954170658663e+02,-3.744427640047886996e+01,9.726627427357527722e+01
3.697334553500646734e+02,-8.650931324416487200e+01,-8.049126849557445951e+01
-1.761906197153971902e+02,-8.292774903914256868e+01,7.304259731219397622e+01
6.817473460158366194e+00,-5.999897122435287145e+01,4.682760587243038231e+00
2.490867022325737423e+02,8.920581038893845971e+01,-7.850359077827741316e+01
-1.910052629515159026e+02,6.790736723550298848e+01,4.290486343280264236e+01
2.564837937591122454e+02,8.692219187910993128e+01,-7.765500139255286172e+01
-1.218877998068159343e+02,-3.831088283287841989e+01,5.935354178876360720e+01
1.844576072058206080e+02,1.883318370322028557e+01,-6.562433508710068963e+01
3.419044060132437153e+02,3.232193156099444309e+01,-9.568758404052421440e+01
-1.217659255599909471e+02,-7.047039611218238520e+01,5.385631186925979819e+01
-8.058037166297120280e+01,-1.803587689399188321e+01,2.791082869870894001e+01
1.389506617250214759e+01,6.526429266229490622e+01,1.034998153795238807e+01
-2.056071934563394166e+01,8.912933732657711516e+01,2.492922593720415136e+01
-2.315446849167822734e+02,7.271611560788556972e+01,4.252678547495912653e+01
-2.572326653285189195e+02,-2.748388668964913961e+01,9.373780675086521796e+01
1.068326660678627604e+01,-2.564660336080663683e+00,2.749318007536669484e+01
4.762636846385893818e+01,-5.640246799820134527e+01,-1.704189401013691452e+01
1.023180504206710282e+02,3.234622187461806675e+01,-4.513724273853101465e+01
7.428667533697287695e+01,3.082102601817106802e+01,-4.474581329754985148e+01
-1.106504943718856282e+01,1.875610938269234396e+01,3.762628496153942592e+01
-1.871085329468743339e+02,1.494024656945165930e+01,4.438179670548581157e+01
6.492469879166714009e+01,-9.294108209457583314e+01,-2.203829637661129937e-01
-1.168214543254265294e+02,7.407457551613356372e+01,1.894729494848579066e+01
1.050095617944677286e+02,8.506219097467891288e+01,-7.406414684916703095e+01
5.642694555816106572e+00,-7.842126019218918032e+01,-1.005972738067903549e+01
-3.614120456399728454e+01,-7.945915370708684122e+01,2.290701744211469304e+01
-2.241960319196669502e+02,-6.394360204461433739e+01,9.698149387821010237e+01
-4.996883820788617925e+01,3.157979371605506458e+01,3.146510654076166702e+01
-7.218608216572542347e+01,-5.817008793908158282e+00,6.899816446375652390e+00
-2.201087785015452596e+02,7.284295985255056394e+00,7.352804245245332027e+01
-1.362549068503870444e+02,-1.628439598684067846e+00,3.648350135504691139e+01
-4.380363347568065535e+01,-7.629173510994735352e+01,3.358008834566635414e+01
-2.703033057417607097e+02,8.033229276036598776e+01,8.578812144446720822e+01
-2.603488110050690238e+02,7.469323556878657655e+01,8.130694725328021377e+01
-1.754625330172866313e+02,1.666994263902834916e+01,6.420532759080597884e+01
-1.073851229971223233e+02,5.245019887270541403e+01,6.577732039180062884e+01
1.148417773200488199e+02,3.517118847521572889e+01,-2.708884547642385598e+01
9.131025102614560751e+01,2.151600271407312448e+01,-5.036783326141107864e+01
1.843809444423077935e+02,-9.275173691758931227e+01,-9.665105864022771698e+01
1.844615454676887509e+02,-4.283092496617260281e+01,-7.234402503954473218e+01
2.182089762718046586e+02,-7.302657541922650353e+01,-9.273701707176694242e+01
1.690894754358387786e+02,-7.319161315982698568e+01,-4.293266523205463159e+01
2.501608290632174487e+02,6.424157547492811204e+01,-8.395516480170030604e+01
4.662695821925888140e+01,-9.200370345838454966e+01,-4.060456652018469015e+01
1.516161785814175005e+02,3.818938783166987605e+01,-1.363969809118847820e+01
1.589178276169413095e+02,8.054272565557749886e+01,-4.390928665272340226e+01
-1.298038047049841737e+02,3.196854295876752872e+01,3.681581654928010039e-01
-3.182983613475708751e+01,5.068317563323998343e+01,2.128073174056770256e+01
-1.754418886638649724e+02,1.496012618371101155e+01,3.168449852070281736e+01
-1.058389687937021222e+02,6.065944031619216048e+01,5.539550148204747870e+01
8.402835682606847456e+01,-6.231871344961172809e+01,-2.474107718656040333e+01
9.034390607520765570e+01,1.198003835332204403e+01,-9.769498613676739751e+01
5.021333345689369310e+01,-7.831036721494115227e+00,-3.824160907290701061e+01
3.321724113370345322e+02,8.457075936148544315e+01,-8.835614093933527613e+01
2.796496297099073445e+02,8.533972352774799219e+01,-9.049202312754354693e+01
2.653791078050926444e+02,-8.617591239005413684e+01,-9.876847938319019704e+01
2.831153345983086069e+02,5.931767220418538500e+01,-9.685280587219236281e+01
1.347989944752411020e+02,1.165985706078176065e+01,-9.065372689183639920e+01
2.650091984373790410e+02,-9.696369270565332954e+01,-7.454127653298297673e+01
-1.235001163095208909e+02,1.027310778244678602e+01,8.856474354320661746e+01
2.278291320578461807e+02,6.689772267007094797e+01,-8.387291269120461834e+01
1.695438747027236559e+02,4.202534127512262785e+01,-6.116878920979820577e+01
8.394783523393947178e+01,-2.665005430519529739e+01,-6.014891764438237232e+01
1.989352024513061679e+02,-4.036294354620733316e+01,-3.759424923161707000e+01
2.150850970337860701e+02,-3.804164358024893033e+01,-7.315418978233211078e+01
-3.073118670098811549e+02,-7.686421692589703980e+01,8.278954307837676652e+01
-1.172150352254014365e+02,3.907098924533676154e+01,6.746319327019691059e+01
3.189532648468717184e+02,6.410927451932718668e+01,-9.695393638439375650e+01
2.498883420861840818e+02,2.176732075795055721e+01,-6.071101495397302017e+01
-8.760946718706331637e+01,5.701400412068159085e+01,8.839837081007772213e+00
1.694546251429709969e+02,-3.109564678926064119e+01,-4.894531835534549913e+01
-1.793605157249072306e+02,7.365803121533718922e+01,7.404477642864634390e+01
-2.657110546698338567e+02,7.199775251322944314e+01,8.124421715525642185e+01
-3.343864608742147482e+01,4.577410312279610594e+00,1.805608025822611751e+01
1.586059862749878846e+02,9.421300885882172338e+01,-2.100302815570856296e+01
1.616985911875917736e+01,7.609289951912032279e+01,3.042425320827967994e+01
1.798127151367798717e+02,-4.441336560614710294e+01,-3.606378537893417757e+01
-2.117017508427850885e+02,-9.381631578253323767e+01,6.698461987238735560e+01
1.345775892208640130e+02,3.218559198434675750e+01,-6.524897212114896661e+01
1.951927018477723550e+02,1.625332975185813211e+01,-6.204228847174834982e+01
-2.164706229074466250e+02,3.762853989365223129e+01,6.529461543297148296e+01
-2.372982670658279858e+02,-9.337860379949415801e+01,8.625311784271252691e+01
4.286717726014752827e+01,3.004149680636444941e+01,-1.874585542551490391e+01
-9.990461324485039540e+01,2.583738149561676778e+01,7.427647242808092187e+01
-2.379828039783198790e+02,-2.205986481630073115e+01,9.293275860340543204e+01
1.146395986484538412e+02,7.371243772875911304e+01,-4.341766292077437583e+00
1.780566329568010815e+02,4.565247340126560971e+00,-6.772930092105266908e+01
-1.771392664209206558e+01,2.773896842448138500e+01,-4.553809732121891329e+00
1.913159099328282480e+02,5.483956308405007007e+01,-5.711800234329480475e+01
-3.742529901949116038e+02,7.433885903906946169e+01,9.065500002283820891e+01
1.422364128003241603e+02,7.857552285112808477e+01,-2.008260811991019068e+01
-2.137388981988104319e+01,3.509410587666050674e+01,-1.648389512762406639e+01
2.358308557691117358e+02,-2.849744864308436831e+01,-5.817111287491876226e+01
2.871421166077762450e+02,4.413786123628392488e+01,-9.564835083481068523e+01
-1.030776251573831530e+02,6.700407160256918360e+01,1.169598195532381624e+01
1.112729945207966153e+02,4.959221740675590695e+01,-2.466055690828206082e+01
-1.324279666266286029e+02,2.667182400184537983e+01,5.677620409726230832e+01
1.609887497146905844e+01,2.101564358712455771e+01,-1.761440331023733563e+01
-1.175279917353320940e+02,-8.806381861785041565e+01,5.805788860440125632e+01
9.326269565250814253e+01,-2.170028952548557299e+01,-2.794914489693589132e+01
2.550274582366747111e+01,2.674999560162653722e+01,-5.706718903140313159e+00
2.556360268886019185e+02,-4.111453805157781005e+01,-5.693553848991268751e+01
-1.386579656595123140e+02,4.629776157094730138e+01,3.306974348101320516e+01
1.684048539344250912e+02,1.113777423557071700e+01,-8.378249635876343859e+01
-2.612014570770825799e+02,4.205294096082016608e+01,9.944094064994226301e+01
-5.395802736122291776e+00,-9.235574194589929675e+00,-3.497035934648366151e+00
2.517408008233020382e+02,3.563485928707535777e+01,-9.839585299757409587e+01
7.825405033054221349e+01,7.584816161586417138e+01,-3.664769520284589532e+01
-9.834377695070813274e+00,3.788523224989774008e+00,8.808316589952269737e+00
1.361585430332303304e+02,2.826219814178509182e+01,-2.532942662908396869e+01
-1.218656334692625620e+02,-2.920780849935987078e+01,3.639935071428084257e+01
2.553510247762355903e+02,-3.755866392644353624e+01,-8.067912963585101238e+01
2.671076794163401473e+02,3.350544508674371968e+01,-8.342333921864364754e+01
-2.177776920538853176e+02,6.502263741255913487e+01,7.325624951050312461e+01
-1.109689078568223408e-01,-8.645276358290684016e+01,2.801103015846447875e+01
1.874444938452417944e+02,9.240588635275096863e+01,-7.510968812745110768e+01
2.341009047444556401e+01,-1.931951029705886924e+01,1.349720720050981981e-01
1.264050601838195576e+02,5.015950153938493372e+01,-3.502288007098999856e+01
-3.747081528665221413e+02,9.016141754101940364e+01,9.768017927192721572e+01
-2.531152680009050755e+02,-7.957571715024036507e+01,7.073465235329555867e+01
1.003713366306729569e+02,-9.452020540818013217e+01,-4.994227260151730974e+01
2.931481304461678050e+01,8.270454523488382392e+00,7.353508096086287082e+00
1.388730552899924646e+02,7.783516602644672844e+01,-7.553961898407325748e+01
7.358587427070659714e+01,-6.995723605553065738e+01,-1.003949371719612316e+01
1.488705192994621598e+02,2.082344420148913855e+00,-3.959840739695182066e+01
-1.110787160279727175e+02,-1.932697906660123977e+01,4.187763299276161888e+01
-1.714333547538906544e+02,-3.543223818618166376e+01,6.405366984301400635e+01
-8.013436368011565492e+01,-5.265301541477016656e+01,3.866329160059481751e+01
-5.830601769794801470e+01,-8.605485640375448497e+00,2.415876924633859346e+01
2.924390312540846253e+02,5.623038331144752533e+01,-9.315241603373587509e+01
7.796894250585879149e+00,4.372456725535977284e+01,9.066794517638726347e+00
-2.233603421607896848e+02,-3.939691758853744830e+01,6.873562205093793409e+01
2.978311143892366317e+02,-2.302802725140800533e+01,-9.003878570238079249e+01
-2.383376258820590579e+02,-2.071102508817088506e+01,8.426785769496763123e+01
2.749586397241052964e+02,-5.925204422864922549e+01,-9.942536245864445732e+01
1.235202927548673415e+02,1.920634476010543779e+01,-2.643964389122163539e+01
3.847420656937239869e+02,-1.643027389422655915e+00,-9.815152749607203475e+01
-4.712581422165096967e+01,-3.330952916697185628e+00,5.282355834071120171e+01
6.501508063167437967e+01,-4.863007405055071075e+01,-6.782519822497178552e+00
1.848791444639800829e+01,-3.923474384144134319e+01,-1.601194261423488285e+01
3.386790778468304097e+01,-9.526558761598764136e+01,-3.635451786091479676e+00
1.166762615801946339e+02,6.788268232737726748e+01,-1.969730358319314689e+01
9.410432114683031557e+01,-8.301012266111165161e+01,-3.833885382770360906e+01
-7.231539076020594337e+01,9.024764387653553399e+01,-1.520811611660610652e+01
1.788175628923210922e+02,-4.058580153008093561e+01,-4.160463929959088603e+01
-6.222416171338925039e+01,7.696581529349342077e+01,3.130396148082951413e+01
2.876901158318948148e+01,4.862561209633074100e+01,-2.637841114873616277e+01
1.158494768894042863e+02,2.554037617004880190e+01,-1.310132159411938346e+01
-2.145431480462831928e+02,5.717726502378357623e+01,9.616422021456341440e+01
1.093538599898868711e+02,6.443953353096520686e+01,-6.838131573176369216e+01
-1.534689852143123403e+02,-3.790770808813099535e+01,9.764137363413658477e+01
-1.860157384261461857e+02,9.208648855729242655e+01,9.352409306752679186e+01
-1.713663707423680762e+02,7.779892841065790776e+01,6.203606095400456866e+01
-8.365440214887172488e+01,8.341907130474041310e+01,2.903751500153484244e+01
-1.547612552625595299e+02,5.693901418919355706e+01,3.930399604907782418e+01
6.850912287984812110e+00,-9.531816626034995465e+00,-5.594477415867213921e+01
2.861590330992709141e+02,3.972058017051270440e+01,-6.906064734007327388e+01
-1.351135754908706588e+02,1.131253204158699077e+01,4.160227982381624656e+01
-7.259642617228305994e+01,-4.949108461512312829e+01,4.223967650023121223e+01
1.560780685301050426e+02,-7.569922967299925176e+01,-6.309548772769942104e+01
5.556780301678154643e+01,1.548697317455500411e+01,-3.208728405130911199e+01
6.970970862662790068e+01,-3.536769207709009777e+01,-5.835217368362064860e+01
-2.865160995083206785e+02,5.789130291885001611e+01,7.005895116090005104e+01
1.283338710573452204e+02,9.029199291811283956e+01,-3.885262207838131587e+01
1.020827689406867478e+02,-7.528372360555252385e+01,-1.604758077437567465e+01
1.081641994192706022e+02,-2.102714482948371710e+01,-1.958950623238584399e+01
3.229493348858080140e+02,-4.734310202157152503e+01,-9.231239777010205216e+01
3.238350933673351619e+02,1.951986555359404463e+01,-7.251310140397779946e+01
-2.133089624674473725e+02,8.534445986191187217e+01,8.628814762476213218e+01
1.800787399578913721e+02,7.269938434737190391e+01,-5.442706721939447334e+01
-4.020047166274120798e+01,8.840163258777761257e+01,3.873160270554890872e+00
2.237106971906928550e+02,-6.248489374087740345e+01,-8.538333398114646400e+01
1.665890170416226397e+02,-8.484837375230979717e+01,-5.335156667953400245e+01
-1.451924952565640581e+01,-3.491915128121429746e+01,3.129710733126319155e+01
-2.299849994149908810e+02,1.234583770397937030e+01,9.796782394344160139e+01
1.479981274340108257e+02,-8.532311354965480632e+01,-6.149346185644988338e+01
-2.159730771543558490e+02,2.678256858059194201e+01,4.235179487982253477e+01
-1.284931318835969023e+02,8.441525056840731622e+01,5.409176520696462376e+01
1.123313325666946128e+02,5.830557961440263171e+01,-9.068497956973970986e-01
3.478510096138532504e+01,-8.214289969502841871e+01,-1.967138338312797430e+01
3.590228587334192412e+01,4.996743537691878601e+01,1.399826482831163332e+01
8.041231913720905311e+01,3.094867577639553247e+01,1.056164734444337228e+00
-2.362787451081259746e+02,-3.588478013382427889e-01,6.023820826874776913e+01
-4.148283024428393162e+01,8.810174009170032150e+01,5.725728773454179077e+01
-4.245882826040123348e+01,-5.585626904777338808e+01,-9.677370409876289159e+00
9.264974554757466763e+01,-1.384716266771597759e+01,-4.220433426969290025e+01
-1.378449758197038477e+02,-2.815517555474089306e+01,5.034256464470647074e+01
-1.884846861949465620e+02,5.556528206105767254e+01,7.851829023320988199e+01
1.940847009050713154e+02,-4.257900088701109809e+01,-9.440336256941144200e+01
2.881674700164505225e+02,-9.212714824300429939e+01,-8.167959712730043975e+01
2.248260065224269226e+02,9.122275587434955924e+01,-9.560758110425521750e+01
-1.661417033480265957e+02,-3.889039319540792405e+01,5.907195633755588915e+01
-2.128307716887854895e+01,-8.357921922802017889e+01,4.900441644277267983e+01
-1.780134676839642509e+02,-3.850227857567820422e+01,7.216737073950270087e+01
-7.457584924087512945e+01,5.474365374589970656e+01,4.162765751471192743e+01
-6.151761710386460891e+01,-2.290791012339283839e+00,4.517120478970139175e+01
-2.429355198512626544e+02,9.091260127800759960e+01,8.386520801538802061e+01
2.393556606423554456e+01,-6.751603461361543168e+01,4.359468916977291997e+00
2.607527565364158590e+02,2.474185935824975502e+01,-4.696567622753899940e+01
-8.905484042528422606e+01,5.678223783648209633e+01,1.895308654060217179e+01
-2.275569955706551184e+02,9.572125925774491861e+01,8.878046018222067914e+01
1.052150401782964764e+02,8.884129683002242928e+01,-4.743187158422141891e+01
-1.483256935981071933e+02,-3.602211277983253979e+01,6.777356648118038152e+01
2.613435298519948446e+02,7.978639610849700148e+01,-9.088147172708222854e+01
-1.261735586528190112e+01,-4.252559416806344927e+01,2.200247760006021736e+01
3.258699435623358198e+01,-5.705462097123772480e+01,6.416204198771097822e+00
-3.416777640835761645e+02,-7.593115440559559204e+01,9.822909662655422380e+01
5.464636643483181899e+00,2.540551536293284585e+01,2.122770407165978668e+01
-3.511222676933935816e+01,-1.694388592324467879e+01,-1.147842081122789182e+01
-8.831292895843604640e+01,-5.699840749533260009e+01,1.486016644761554062e+01
-1.141914690321449086e+02,-5.806301810979989853e+01,5.730200227190334772e+01
2.196025103952323221e+01,2.167928869090516741e+00,1.408877976840287261e+00
1.421588448238832143e+02,9.308654102277859010e+01,-4.611410664736346376e+01
1.093373300342161656e+02,8.696053932941856601e+01,-3.109481165024594418e+01
6.323706418790082751e+01,-3.745209250001167334e+00,-2.785760774523534167e+01
3.665826774180625591e+01,3.127874002100148232e+01,-2.762198723100364361e+01
-3.067047074134678653e+01,2.611756066941713073e+01,1.678984420924378185e+01
-5.938266665326732152e+01,2.709479699659583218e+01,4.476907253031620826e+01
2.126891943739451278e+02,5.045141459374045212e+01,-7.716366362923092481e+01
1.072073915878959269e+02,-3.125807805703489350e+01,-2.738050066680716554e+01
6.702257236141679186e+01,-6.517339305796539861e+01,-4.585252582539807520e+01
-1.144389453537784505e+02,5.100206572684052730e+01,8.771030089716043676e+01
7.052600698488552666e+01,-3.539493133865552466e+01,-3.148850894928372668e+00
2.817232153228037816e+01,1.257697749160675471e+01,-1.059307714002153489e+01
1.055352647707248934e+02,3.082742531998653135e+01,-3.436428914501978227e+01
-2.895536228077103758e+00,-2.572123417036877413e+01,1.679912747397196426e-01
2.277430282166573079e+02,8.364074867015332870e+00,-6.231345972395754274e+01
-3.346431416076649725e+02,9.985045513930947436e+01,8.632476873899659608e+01
4.793715387913862003e+01,-5.544890337132950719e+01,-7.248562798800193718e+00
-6.165999631004947901e+01,-6.423563658294695244e+01,1.758237529932138443e+01
7.861726577438761865e+01,7.205014345315899504e+01,-3.655164273854884982e+01
3.157777316905878706e+02,-7.529126041057111252e+01,-9.544735827101477810e+01
1.141645419950184959e+01,2.011181794388718913e+01,-1.277854363536388860e+01
-1.846758281445358421e+02,-5.416630114773581539e+01,6.433018797038673142e+01
-3.276009265843267713e+02,-5.589764098184308949e+01,6.752904633426476266e+01
4.913195432532219797e+00,-8.500426293593881155e+01,-2.455634353013260807e+01
-1.890357204574701200e+02,-8.856137844720080921e+00,7.119938470465234559e+01
7.259928117948486204e+01,8.340271849495982792e+01,1.103345255327410257e+01
-1.184439153815294645e+02,-7.391872470946078977e+01,7.762918978499880041e+01
8.906292249284314266e+01,6.028401934374443272e+01,-6.358137259216047710e+01
9.768075131265230482e+01,-1.592795223140161909e+01,-6.428399840606502380e+01
-2.639693395688353661e+01,-4.087955037069712461e+01,-3.706641229588328201e+00
-1.927767985989121939e+02,7.299687104561098749e+01,5.320027703206460501e+01
-2.350770614366937252e+02,-4.963982086272820027e+01,9.443310678587837970e+01
7.106298731042517147e+01,8.365856938958836508e+01,-8.485022285958109478e+00
2.784055163774588095e+02,-5.964179137282820875e+01,-6.683479852502667029e+01
1.002277902204559297e+02,8.173803389522197449e+01,-3.315576569765707404e+01
2.094036643094883061e+02,9.567517542654417184e+01,-6.648749253796732717e+01
2.265291432900746713e+02,-5.421493584273444810e+01,-4.868443396768227416e+01
-2.101009389273414740e+02,1.919002259761886364e+01,8.452901640595976573e+01
-1.064606247224375721e+02,8.340925358730117978e+01,6.477752150792483121e+01
-1.923758547966031642e+02,3.648416655079932980e+01,4.459735523938829260e+01
-3.025085819669763509e+01,-7.082278488451265730e-01,-1.594561775608929111e+01
1.414980389236692986e+02,-8.863128220639345045e+01,-6.318267042747929452e+01
-1.263734729802224024e+02,-5.849433159681424854e+00,7.653602548000802130e+01
-2.611362835416484813e+02,-3.254710405661553807e+01,9.972046813706688795e+01
-1.910829657008726201e+01,5.965101075785500484e+01,3.211409302653515851e+01
1.199734090434847076e+02,-8.114321024932766591e+01,-3.577328033749276415e+01
-2.682453307391564863e+02,8.388906666250227318e+01,8.242593179224718369e+01
-1.095281706108808777e+02,-3.059153675792728677e+00,2.858436011103543706e+01
-1.055317905754349823e+02,-1.044909643135385124e+01,3.237271846747268000e+01
1.719538297693599702e+02,-7.101805757052675006e+01,-7.874240984407900612e+01
1.496357266693719907e+02,-7.310734838733921492e+00,-6.191827829682659257e+01
3.640194511374291153e+01,4.811828673469327100e+01,5.295068690449113546e+00
5.904676780111280721e+01,-8.701164336113185982e+01,-2.708989267092377418e+00
-2.889930746898413361e+01,-7.203069281031415017e+01,-2.958088848682265848e+00
-1.078089544757883544e+02,-7.362560839045357852e+00,4.241078228496698443e+01
-2.252615890458771446e+02,7.495468000725199431e+01,8.605121099895330872e+01
2.394178682311907096e+02,5.344250861754991888e+01,-8.404247642970443621e+01
-5.810243436494130265e+01,-5.247939217608794849e+01,1.419173611963574899e+01
-1.661900663788600241e+02,-4.833196894346658468e+01,8.015494104697165767e+01
-1.138845304164782846e+02,-3.271677978314713187e+00,7.595309156360076486e+01
-1.477367227115047399e+02,8.668013352533310467e+01,6.771219057846508349e+01
-3.128434573500359761e+02,2.451862607128771288e+01,9.304818719001599447e+01
1.483637236056275412e+02,7.103229328149797084e+01,-4.325461319220198675e+01
-9.633517997267989585e+01,3.841792653058212181e+01,2.070622906542457997e+01
